"product_id","name","description","brand","category","price","image_file","rating","reviews"
"P001","Apple iPhone 14 Pro","Latest iPhone with A16 chip Dynamic Island Pro camera system and all day battery life","Apple","Phones","79999","p001.jpg","4.7","Great camera;Smooth performance;Premium build"
"P002","Samsung Galaxy S23 Ultra","Flagship Samsung phone with S Pen 200MP camera Snapdragon processor","Samsung","Phones","99999","p002.jpg","4.6","Best Android phone;S Pen is useful;Great display"
"P003","OnePlus 11","Flagship killer with Hasselblad cameras 100W charging Snapdragon 8 Gen 2","OnePlus","Phones","56999","p003.jpg","4.5","Fast charging;Smooth UI;Great value"
"P004","Google Pixel 8 Pro","AI powered phone with best camera 7 years of updates Tensor G3 chip","Google","Phones","79999","p004.jpg","4.4","Best camera;AI features are amazing;Clean software"
"P005","Xiaomi 13 Pro","Premium phone with Leica cameras 120W charging Snapdragon 8 Gen 2","Xiaomi","Phones","62999","p004.jpg","4.3","Great camera;Fast charging;Good display"
"P006","Realme GT 3","Flagship killer with 240W charging Snapdragon 8+ Gen 1 144Hz display","Realme","Phones","37999","p006.jpg","4.2","Incredible charging speed;Good performance;Value for money"
"P007","Vivo X90 Pro","Professional photography phone with Zeiss optics 120W charging","Vivo","Phones","54999","p007.jpg","4.3","Amazing camera;Good battery;Premium feel"
"P008","Oppo Find X6 Pro","Premium phone with Hasselblad cameras 100W charging","OPPO","Phones","69999","p008.jpg","4.4","Excellent camera;Beautiful display;Fast charging"
"P009","Motorola Edge 40 Pro","Clean Android experience 165Hz display Snapdragon 8 Gen 2","Motorola","Phones","49999","p009.jpg","4.2","Smooth performance;Clean UI;Good value"
"P010","Asus ROG Phone 7","Ultimate gaming phone with 165Hz display AeroActive Cooler 6000mAh battery","Asus","Gaming Phones","79999","p010.jpg","4.6","Best gaming phone;Excellent cooling;Massive battery"
"P011","Apple MacBook Pro 14","M1 Pro chip 16GB RAM 512GB SSD Liquid Retina XDR display","Apple","Laptops","199999","p011.jpg","4.8","Powerful;Beautiful display;Great battery"
"P012","Dell XPS 15","Intel Core i7 16GB RAM 512GB SSD 15.6 inch 3.5K OLED display","Dell","Laptops","149999","p012.jpg","4.6","Stunning display;Premium build;Good performance"
"P013","HP Spectre x360","Intel Core i7 16GB RAM 1TB SSD 14 inch 2K OLED touchscreen","HP","Laptops","129999","p013.jpg","4.5","Versatile 2-in-1;Great display;Good battery"
"P014","Lenovo ThinkPad X1 Carbon","Intel Core i7 16GB RAM 512GB SSD 14 inch 2.8K OLED display","Lenovo","Laptops","159999","p014.jpg","4.7","Best business laptop;Lightweight;Excellent keyboard"
"P015","Asus Zenbook Pro 14","Intel Core i9 32GB RAM 1TB SSD 14 inch 2.8K OLED display","Asus","Laptops","179999","p015.jpg","4.6","Powerful;Beautiful display;Good for creators"
"P016","Microsoft Surface Laptop 5","Intel Core i7 16GB RAM 512GB SSD 13.5 inch PixelSense display","Microsoft","Laptops","119999","p016.jpg","4.4","Premium design;Great display;Good performance"
"P017","Acer Swift 5","Intel Core i7 16GB RAM 1TB SSD 14 inch 2K display","Acer","Laptops","89999","p017.jpg","4.3","Lightweight;Good performance;Value for money"
"P018","Apple MacBook Air M2","Apple M2 chip 8GB RAM 256GB SSD 13.6 inch Liquid Retina display","Apple","Laptops","99999","p018.jpg","4.7","Lightweight;Great battery;Fast performance"
"P019","Razer Blade 15","Gaming laptop with RTX 4070 Intel Core i7 16GB RAM 144Hz display","Raser","Gaming Laptops","179999","p019.jpg","4.5","Great for gaming;Premium build;Good display"
"P020","Samsung Galaxy Book 3 Pro","Intel Core i7 16GB RAM 512GB SSD 14 inch 2K AMOLED display","Samsung","Laptops","109999","p020.jpg","4.4","Good display;Lightweight;Seamless Samsung ecosystem"
"P021","Sony WH-1000XM5","Industry leading noise cancellation 30 hour battery multipoint connection","Sony","Headphones","24999","p021.jpg","4.8","Best noise cancellation;Great sound;Comfortable"
"P022","Apple AirPods Pro 2","Active noise cancellation Adaptive Transparency Personalized Spatial Audio","Apple","Headphones","24999","p022.jpg","4.7","Great sound;Best iOS integration;Comfortable"
"P023","Bose QuietComfort Ultra","Premium noise cancellation 24 hour battery Spatial Audio","Bose","Headphones","26999","p023.jpg","4.6","Excellent ANC;Great comfort;Premium sound"
"P024","Samsung Galaxy Buds2 Pro","24-bit Hi-Fi sound Active noise cancellation 360 Audio","Samsung","Headphones","17999","p024.jpg","4.4","Good sound;Compact;Works well with Samsung"
"P025","JBL Tune 770NC","Adaptive noise cancellation 70 hour battery JBL Pure Bass Sound","JBL","Headphones","5499","p025.jpg","4.2","Good value;Long battery;Decent ANC"
"P026","Audio-Technica ATH-M50x","Professional studio monitor headphones 45mm drivers 99 ohm impedance","Audio-Technica","Headphones","9999","p026.jpg","4.5","Great for studio;Accurate sound;Durable"
"P027","Sennheiser HD 560S","Open-back headphones for audiophiles 120 ohm impedance neutral sound","Sennheiser","Headphones","15999","p027.jpg","4.6","Excellent sound quality;Comfortable;Great for critical listening"
"P028","Beats Studio Pro","Custom 40mm drivers 40 hour battery Spatial Audio","Beats","Headphones","21999","p028.jpg","4.3","Good bass;Stylish;Comfortable"
"P029","Anker Soundcore Space Q45","Adaptive noise cancellation 65 hour battery LDAC support","Anker","Headphones","7999","p029.jpg","4.1","Great value;Long battery;Good ANC"
"P030","Shure Aonic 50","Premium wireless headphones 40mm drivers 20 hour battery","Shure","Headphones","24999","p030.jpg","4.5","Excellent sound;Good ANC;Premium build"
"P031","Sony Alpha A7 IV","Full-frame mirrorless 33MP sensor 4K 60p video Real-time Eye AF","Sony","Cameras","189999","p031.jpg","4.8","Professional camera;Excellent image quality;Great autofocus"
"P032","Canon EOS R6 Mark II","Full-frame mirrorless 24.2MP sensor 4K 60p In-body IS","Canon","Cameras","249999","p032.jpg","4.9","Best hybrid camera;Great autofocus;Excellent IBIS"
"P033","Nikon Z8","Full-frame mirrorless 45.7MP sensor 8K video 493-point AF","Nikon","Cameras","299999","p033.jpg","4.8","Professional grade;Incredible detail;Fast autofocus"
"P034","Fujifilm X-T5","APS-C mirrorless 40.2MP sensor 6.2K video Film simulations","Fujifilm","Cameras","149999","p034.jpg","4.7","Amazing image quality;Film simulation modes;Compact"
"P035","GoPro Hero 12 Black","5.3K video HyperSmooth 6.0 Waterproof to 10m","GoPro","Action Cameras","34999","p035.jpg","4.6","Best action camera;Stabilization;Versatile"
"P036","Insta360 X3","5.7K 360 camera 72MP photos FlowState stabilization","Insta360","Action Cameras","29999","p036.jpg","4.5","Creative 360 video;Great stabilization;Compact"
"P037","DJI Pocket 3","3-axis gimbal 1 inch sensor 4K 120fps 2 inch OLED","DJI","Cameras","24999","p037.jpg","4.7","Perfect for vlogging;Great stabilization;Compact"
"P038","Canon EOS R100","Entry-level mirrorless 24.1MP 4K video Lightweight","Canon","Cameras","45999","p038.jpg","4.3","Good for beginners;Compact;Affordable"
"P039","Sony ZV-E10","APS-C mirrorless for vlogging 24.2MP 4K video Articulating screen","Sony","Cameras","54999","p039.jpg","4.5","Great for vlogging;Good autofocus;Compact"
"P040","Olympus OM-D E-M10 Mark IV","Micro Four Thirds 20MP 5-axis IBIS Compact body","Olympus","Cameras","74999","p040.jpg","4.4","Compact;Good IBIS;Great for travel"
"P041","Nike Air Max 270","Classic Air Max design Max Air unit Breathable mesh upper","Nike","Shoes","11999","p041.jpg","4.5","Comfortable;Stylish;Good for casual wear"
"P042","Adidas Ultraboost 22","Primeknit upper Boost midsole Continental rubber outsole","Adidas","Shoes","17999","p042.jpg","4.6","Great cushioning;Comfortable;Good for running"
"P043","Puma RS-X3","Chunky sneaker design Running System cushioning Bold colors","Puma","Shoes","7999","p043.jpg","4.2","Trendy design;Comfortable;Good value"
"P044","New Balance 574","Classic silhouette ENCAP midsole Premium leather upper","New Balance","Shoes","8999","p044.jpg","4.6","Timeless design;Comfortable;Versatile"
"P045","Reebok Classic Leather","Heritage design Soft leather upper Die-cut EVA midsole","Reebok","Shoes","5999","p045.jpg","4.3","Classic style;Comfortable;Affordable"
"P046","Converse Chuck Taylor All Star","Iconic canvas sneaker Vulcanized rubber sole Timeless design","Converse","Shoes","4999","p046.jpg","4.7","Iconic style;Versatile;Timeless"
"P047","ASICS Gel-Kayano 30","Stability running shoe FF Blast+ cushioning GUIDANCE SYSTEM","ASICS","Shoes","14999","p047.jpg","4.5","Great for overpronation;Comfortable;Durable"
"P048","Hoka Clifton 9","Lightweight daily trainer EVE midsole Early stage meta-rocker","Hoka","Shoes","12999","p048.jpg","4.4","Lightweight;Good cushioning;Smooth ride"
"P049","Skechers Go Run","Performance running shoe Hyper Burst foam Goodyear rubber outsole","Skechers","Shoes","6999","p049.jpg","4.2","Good value;Comfortable;Durable"
"P050","Nike React Infinity Run","React foam midsole Zoom Air units Flyknit upper","Nike","Shoes","13999","p050.jpg","4.4","Great cushioning;Comfortable;Good for long runs"
"P051","Levis 501 Original Fit","Classic straight fit jeans 100% cotton Button fly","Levis","Clothing","3499","p051.jpg","4.5","Timeless style;Durable;Classic fit"
"P052","Wrangler Authentics","Classic straight fit 100% cotton 5-pocket styling","Wrangler","Clothing","1999","p052.jpg","4.2","Good value;Durable;Classic style"
"P053","Jack and Jones Premium","Regular fit denim jacket 100% cotton Vintage wash","Jack and Jones","Clothing","5999","p053.jpg","4.3","Stylish;Good quality;Modern fit"
"P054","The North Face Borealis","28L backpack Laptop sleeve Front pocket with organizer","The North Face","Backpacks","7999","p054.jpg","4.6","Great for hiking;Durable;Comfortable"
"P055","Under Armour Hustle","30L duffel bag Water-repellent Padded shoulder strap","Under Armour","Backpacks","2499","p055.jpg","4.3","Good value;Durable;Versatile"
"P056","Nike Brasilia","Large capacity gym bag Drying compartment Side pocket","Nike","Bags","2299","p056.jpg","4.4","Spacious;Durable;Good for gym"
"P057","Titanium Stripe Classic","Stainless steel analog Sapphire crystal 50m water resistance","Titanium","Watches","8999","p057.jpg","4.4","Elegant design;Good quality;Comfortable"
"P058","Fossil Grant","Chronograph movement Stainless steel 50m water resistance","Fossil","Watches","6999","p058.jpg","4.3","Classic style;Good value;Reliable"
"P059","Casio G-Shock GA-2100","Shock-resistant 200m water resistance Dual time display","Casio","Watches","7999","p059.jpg","4.7","Tough;Durable;Iconic design"
"P060","Timex Expedition","Quartz movement Indiglo backlight 50m water resistance","Timex","Watches","2999","p060.jpg","4.2","Great value;Functional;Good for outdoor"
"P061","Ray-Ban Aviator Classic","Metal frame 100% UV protection Crystal lenses","Ray-Ban","Sunglasses","3999","p061.jpg","4.6","Iconic design;Good quality;UV protection"
"P062","Oakley Holbrook","O Matter frame Plutonite lenses 100% UV protection","Oakley","Sunglasses","5499","p062.jpg","4.5","Great for sports;Durable;Good coverage"
"P063","Persol PO3019S","Acetate frame Hand-crafted Classic Italian design","Persol","Sunglasses","9999","p063.jpg","4.6","Premium quality;Timeless style;Hand-crafted"
"P064","Warby Parker Hemingway","Acetate frame CR-39 lenses 100% UV protection","Warby Parker","Sunglasses","4999","p064.jpg","4.3","Modern style;Good value;Comfortable"
"P065","Versace VE4290","Italian design Gold-tone logo 100% UV protection","Versace","Sunglasses","12999","p065.jpg","4.4","Luxury design;Premium quality;Statement piece"
"P066","MVMT Chrono Gunmetal","Stainless steel case Italian leather strap 50m water resistance","MVMT","Watches","5999","p066.jpg","4.2","Modern design;Good value;Trendy"
"P067","Daniel Wellington Classic","Quartz movement Italian leather strap 30m water resistance","Daniel Wellington","Watches","4999","p067.jpg","4.3","Minimalist design;Popular;Good for gifts"
"P068","Seiko 5 Sports","Automatic movement 100m water resistance Day/date display","Seiko","Watches","8999","p068.jpg","4.7","Great automatic;Durable;Good value"
"P069","Apple Watch Series 9","GPS + Cellular 45mm case Always-On Retina display","Apple","Wearables","41999","p069.jpg","4.7","Best smartwatch;Great health features;Seamless ecosystem"
"P070","Samsung Galaxy Watch 6","Super AMOLED BioActive sensor 40 hour battery","Samsung","Wearables","27999","p070.jpg","4.5","Great Android smartwatch;Good health tracking;Beautiful display"
"P071","Fitbit Sense 2","Advanced health sensors 6+ day battery Google integration","Fitbit","Wearables","24999","p071.jpg","4.4","Good health tracking;Long battery;Google features"
"P072","Garmin Forerunner 265","AMOLED display Multi-GNSS Training features","Garmin","Wearables","45999","p072.jpg","4.6","Best running watch;Advanced metrics;Great display"
"P073","Amazfit GTR 4","14-day battery Dual-band GPS 150+ sports modes","Amazfit","Wearables","7999","p073.jpg","4.2","Great value;Long battery;Good features"
"P074","Bose SoundLink Flex","Portable speaker 12 hour battery PositionIQ technology","Bose","Speakers","11999","p074.jpg","4.5","Great sound;Portable;Durable"
"P075","JBL Flip 6","PartyBoost 12 hour battery IP67 waterproof","JBL","Speakers","5499","p075.jpg","4.4","Good value;Waterproof;Bass"
"P076","Sonos Era 100","Premium sound Multi-room audio Voice control","Sonos","Speakers","24999","p076.jpg","4.7","Excellent sound;Versatile;Premium quality"
"P077","UE Wonderboom 3","360 degree sound 14 hour battery IP67 rated","Ultimate Ears","Speakers","6999","p077.jpg","4.3","Portable;Waterproof;Good sound"
"P078","Marshall Stanmore III","Classic design Dynamic loudness Bluetooth 5.0","Marshall","Speakers","34999","p078.jpg","4.6","Iconic design;Great sound;Premium build"
"P079","Sony SRS-XB100","Extra Bass 16 hour battery IP67 waterproof","Sony","Speakers","2999","p079.jpg","4.1","Good value;Portable;Bass"
"P080","Anker Soundcore 3","24W output 24 hour battery BassUp technology","Anker","Speakers","2999","p080.jpg","4.2","Great value;Good battery;Surprisingly powerful"
"P081","Apple iPad Pro 12.9","Portable design with long battery life great for on-the-go productivity","Apple","Tablets","35500","p081.jpg","4.5","Very useful;Easy setup;Works perfectly"
"P082","Apple iPad Air","Portable design with long battery life great for on-the-go productivity","Apple","Tablets","78200","p082.jpg","4.4","Very useful;Easy setup;Works perfectly"
"P083","Apple iPad Mini","Powerful processor stunning display perfect for work and entertainment","Apple","Tablets","65100","p083.jpg","4.5","Excellent;Would buy again;Highly recommend"
"P084","Samsung Galaxy Tab S9 Ultra","High-resolution display with S Pen support for creative professionals","Samsung","Tablets","76000","p084.jpg","4.8","Excellent build;Perfect for needs;Recommend"
"P085","Samsung Galaxy Tab S9+","Portable design with long battery life great for on-the-go productivity","Samsung","Tablets","113600","p085.jpg","3.9","Solid product;Works well;Good quality"
"P086","Samsung Galaxy Tab A9","Powerful processor stunning display perfect for work and entertainment","Samsung","Tablets","29700","p086.jpg","4.5","Excellent build;Perfect for needs;Recommend"
"P087","Microsoft Surface Pro 9","Portable design with long battery life great for on-the-go productivity","Microsoft","Tablets","41500","p087.jpg","3.8","Better than expected;Great features;Love it"
"P088","Microsoft Surface Go 3","Portable design with long battery life great for on-the-go productivity","Microsoft","Tablets","29200","p088.jpg","4.2","Great product;Highly recommended;Good value"
"P089","Lenovo Tab P12 Pro","Portable design with long battery life great for on-the-go productivity","Lenovo","Tablets","81900","p089.jpg","3.9","Excellent;Would buy again;Highly recommend"
"P090","Lenovo Tab M10 Plus","Portable design with long battery life great for on-the-go productivity","Lenovo","Tablets","112900","p090.jpg","4.6","Works great;Nice design;Good battery"
"P091","Amazon Fire HD 10","Portable design with long battery life great for on-the-go productivity","Amazon","Tablets","73000","p091.jpg","4.9","Impressed;Well designed;User friendly"
"P092","Amazon Fire HD 10 Plus","High-resolution display with S Pen support for creative professionals","Amazon","Tablets","93600","p092.jpg","3.8","Good performance;Easy to use;Reliable"
"P093","Amazon Echo Show 15","Voice-controlled smart display with Fire TV integration","Amazon","Smart Home","13000","p093.jpg","4.9","Very useful;Easy setup;Works perfectly"
"P094","Amazon Echo Dot 5","Voice-controlled smart display with Fire TV integration","Amazon","Smart Home","24600","p094.jpg","4.4","Impressed;Well designed;User friendly"
"P095","Amazon Echo Show 8","Voice-controlled smart display with Fire TV integration","Amazon","Smart Home","14400","p095.jpg","3.9","Great product;Highly recommended;Good value"
"P096","Google Nest Hub Max","Premium sound quality with built-in smart assistant","Google","Smart Home","6100","p096.jpg","4.9","Better than expected;Great features;Love it"
"P097","Google Nest Mini","Seamless smart home control with Matter support","Google","Smart Home","16800","p097.jpg","4.4","Good performance;Easy to use;Reliable"
"P098","Google Nest Doorbell","Seamless smart home control with Matter support","Google","Smart Home","4800","p098.jpg","4.8","Amazing quality;Worth the price;Fast shipping"
"P099","Apple HomePod","Voice-controlled smart display with Fire TV integration","Apple","Smart Home","15300","p099.jpg","4.7","Impressed;Well designed;User friendly"
"P100","Apple HomePod Mini","Voice-controlled smart display with Fire TV integration","Apple","Smart Home","11800","p100.jpg","4.5","Good performance;Easy to use;Reliable"
"P101","Philips Hue Bridge","Seamless smart home control with Matter support","Philips","Smart Home","24400","p101.jpg","4.7","Great product;Highly recommended;Good value"
"P102","Philips Hue Bulbs","Premium sound quality with built-in smart assistant","Philips","Smart Home","7800","p102.jpg","3.9","Excellent build;Perfect for needs;Recommend"
"P103","Ring Video Doorbell","Voice-controlled smart display with Fire TV integration","Ring","Smart Home","23800","p103.jpg","4.1","Excellent;Would buy again;Highly recommend"
"P104","Ring Spotlight Cam","Voice-controlled smart display with Fire TV integration","Ring","Smart Home","9100","p104.jpg","4.2","Solid product;Works well;Good quality"
"P105","Sony PlayStation 5","Immersive gaming experience with haptic feedback controllers","Sony","Gaming Consoles","41100","p105.jpg","3.9","Solid product;Works well;Good quality"
"P106","Sony PlayStation 5 Digital","Immersive gaming experience with haptic feedback controllers","Sony","Gaming Consoles","41100","p106.jpg","3.8","Very useful;Easy setup;Works perfectly"
"P107","Microsoft Xbox Series X","Immersive gaming experience with haptic feedback controllers","Microsoft","Gaming Consoles","40700","p107.jpg","4.0","Works great;Nice design;Good battery"
"P108","Microsoft Xbox Series S","Next-gen gaming with 4K graphics and ray tracing support","Microsoft","Gaming Consoles","47800","p108.jpg","4.0","Amazing quality;Worth the price;Fast shipping"
"P109","Nintendo Switch OLED","Next-gen gaming with 4K graphics and ray tracing support","Nintendo","Gaming Consoles","55600","p109.jpg","4.2","Excellent;Would buy again;Highly recommend"
"P110","Nintendo Switch Lite","Immersive gaming experience with haptic feedback controllers","Nintendo","Gaming Consoles","56600","p110.jpg","4.0","Solid product;Works well;Good quality"
"P111","Valve Steam Deck","Backward compatible with thousands of games","Valve","Gaming Consoles","35900","p111.jpg","4.1","Excellent build;Perfect for needs;Recommend"
"P112","Sony DualSense Controller","Low latency wireless connection for lag-free gameplay","Sony","Gaming Accessories","9500","p112.jpg","4.0","Good performance;Easy to use;Reliable"
"P113","Sony PS5 Headset","Low latency wireless connection for lag-free gameplay","Sony","Gaming Accessories","2600","p113.jpg","4.8","Amazing quality;Worth the price;Fast shipping"
"P114","Microsoft Xbox Controller","Premium audio with noise cancellation for immersive experience","Microsoft","Gaming Accessories","14600","p114.jpg","4.6","Excellent;Would buy again;Highly recommend"
"P115","Microsoft Xbox Headset","Low latency wireless connection for lag-free gameplay","Microsoft","Gaming Accessories","2300","p115.jpg","4.1","Works great;Nice design;Good battery"
"P116","Logitech G Pro X Headset","Ergonomic design with customizable buttons for competitive gaming","Logitech","Gaming Accessories","13100","p116.jpg","4.2","Solid product;Works well;Good quality"
"P117","Logitech G502 Mouse","Low latency wireless connection for lag-free gameplay","Logitech","Gaming Accessories","12800","p117.jpg","4.1","Very useful;Easy setup;Works perfectly"
"P118","Logitech G915 Keyboard","Low latency wireless connection for lag-free gameplay","Logitech","Gaming Accessories","6600","p118.jpg","4.2","Great product;Highly recommended;Good value"
"P119","Razer DeathAdder Mouse","Premium audio with noise cancellation for immersive experience","Razer","Gaming Accessories","12500","p119.jpg","4.4","Excellent;Would buy again;Highly recommend"
"P120","Razer BlackShark Headset","Premium audio with noise cancellation for immersive experience","Razer","Gaming Accessories","4700","p120.jpg","4.7","Very useful;Easy setup;Works perfectly"
"P121","Corsair K70 Keyboard","Premium audio with noise cancellation for immersive experience","Corsair","Gaming Accessories","10300","p121.jpg","3.8","Better than expected;Great features;Love it"
"P122","Corsair Void Headset","Low latency wireless connection for lag-free gameplay","Corsair","Gaming Accessories","3200","p122.jpg","4.0","Good performance;Easy to use;Reliable"
"P123","Peloton Bike+","AI-powered personalized workout recommendations","Peloton","Fitness Equipment","129500","p123.jpg","4.7","Good performance;Easy to use;Reliable"
"P124","Peloton Tread","AI-powered personalized workout recommendations","Peloton","Fitness Equipment","127400","p124.jpg","4.5","Great product;Highly recommended;Good value"
"P125","NordicTrack C2200 Treadmill","Interactive training with live and on-demand classes","NordicTrack","Fitness Equipment","49600","p125.jpg","4.7","Better than expected;Great features;Love it"
"P126","NordicTrack FreeStride Trainer","Advanced metrics and heart rate monitoring for serious athletes","NordicTrack","Fitness Equipment","88300","p126.jpg","4.8","Excellent;Would buy again;Highly recommend"
"P127","Fitbit Aria Air Scale","Interactive training with live and on-demand classes","Fitbit","Fitness Equipment","32600","p127.jpg","4.5","Solid product;Works well;Good quality"
"P128","Fitbit Fitbit Premium","Advanced metrics and heart rate monitoring for serious athletes","Fitbit","Fitness Equipment","83800","p128.jpg","4.6","Solid product;Works well;Good quality"
"P129","Garmin Venu 2 Plus","Interactive training with live and on-demand classes","Garmin","Fitness Equipment","133500","p129.jpg","4.1","Good performance;Easy to use;Reliable"
"P130","Garmin Fenix 7","Advanced metrics and heart rate monitoring for serious athletes","Garmin","Fitness Equipment","147700","p130.jpg","4.4","Amazing quality;Worth the price;Fast shipping"
"P131","Xiaomi Mi Smart Band 7","AI-powered personalized workout recommendations","Xiaomi","Fitness Equipment","48500","p131.jpg","4.7","Better than expected;Great features;Love it"
"P132","Instant Pot Duo 7-in-1","Multi-function cooker with pressure slow cook and sauté modes","Instant Pot","Kitchen Appliances","17600","p132.jpg","4.3","Better than expected;Great features;Love it"
"P133","Instant Pot Ultra 10-in-1","Barista-quality espresso with built-in grinder","Instant Pot","Kitchen Appliances","15600","p133.jpg","4.6","Very useful;Easy setup;Works perfectly"
"P134","Ninja Foodi 9-in-1","Air fryer with dehydrate and bake functions","Ninja","Kitchen Appliances","19700","p134.jpg","3.9","Solid product;Works well;Good quality"
"P135","Ninja Air Fryer","Air fryer with dehydrate and bake functions","Ninja","Kitchen Appliances","15800","p135.jpg","4.7","Better than expected;Great features;Love it"
"P136","Breville Barista Express","Air fryer with dehydrate and bake functions","Breville","Kitchen Appliances","17800","p136.jpg","4.9","Very useful;Easy setup;Works perfectly"
"P137","Breville Smart Oven","Air fryer with dehydrate and bake functions","Breville","Kitchen Appliances","9400","p137.jpg","4.6","Impressed;Well designed;User friendly"
"P138","KitchenAid Stand Mixer","Barista-quality espresso with built-in grinder","KitchenAid","Kitchen Appliances","15500","p138.jpg","4.5","Excellent;Would buy again;Highly recommend"
"P139","KitchenAid Food Processor","Barista-quality espresso with built-in grinder","KitchenAid","Kitchen Appliances","13500","p139.jpg","4.4","Excellent;Would buy again;Highly recommend"
"P140","Dyson V15 Detect Vacuum","Barista-quality espresso with built-in grinder","Dyson","Kitchen Appliances","19000","p140.jpg","4.0","Excellent build;Perfect for needs;Recommend"
"P141","Dyson Airwrap","Pro-level styling with intelligent heat control","Dyson","Beauty & Personal Care","25400","p141.jpg","4.0","Excellent;Would buy again;Highly recommend"
"P142","Dyson Supersonic Hair Dryer","Negative ion technology for silky smooth hair","Dyson","Beauty & Personal Care","10400","p142.jpg","4.2","Better than expected;Great features;Love it"
"P143","Shark FlexStyle","Negative ion technology for silky smooth hair","Shark","Beauty & Personal Care","14400","p143.jpg","4.7","Good performance;Easy to use;Reliable"
"P144","Foreo Luna 3","Pro-level styling with intelligent heat control","Foreo","Beauty & Personal Care","15400","p144.jpg","4.2","Great product;Highly recommended;Good value"
"P145","Foreo Bear 2","IPL technology for long-lasting hair removal at home","Foreo","Beauty & Personal Care","15800","p145.jpg","4.5","Amazing quality;Worth the price;Fast shipping"
"P146","Philips Sonicare Toothbrush","Pro-level styling with intelligent heat control","Philips","Beauty & Personal Care","25700","p146.jpg","4.7","Impressed;Well designed;User friendly"
"P147","Philips Lumea IPL","Negative ion technology for silky smooth hair","Philips","Beauty & Personal Care","8700","p147.jpg","4.0","Works great;Nice design;Good battery"
"P148","GHD Straightener","Pro-level styling with intelligent heat control","GHD","Beauty & Personal Care","21900","p148.jpg","3.8","Very useful;Easy setup;Works perfectly"
"P149","GHD Curling Iron","IPL technology for long-lasting hair removal at home","GHD","Beauty & Personal Care","10300","p149.jpg","4.7","Great product;Highly recommended;Good value"
"P150","Hatch Rest+","4K video baby monitor with two-way talk","Hatch","Baby Products","3600","p150.jpg","4.7","Great product;Highly recommended;Good value"
"P151","Hatch Sound Machine","Safe sleep solution with breathable mesh design","Hatch","Baby Products","17100","p151.jpg","4.6","Impressed;Well designed;User friendly"
"P152","Nanit Pro Camera","Smart baby monitor with sleep tracking and analytics","Nanit","Baby Products","24700","p152.jpg","3.8","Excellent;Would buy again;Highly recommend"
"P153","Nanit Complete Starter Set","Smart baby monitor with sleep tracking and analytics","Nanit","Baby Products","24800","p153.jpg","4.5","Works great;Nice design;Good battery"
"P154","Owlet Dream Duo","4K video baby monitor with two-way talk","Owlet","Baby Products","15700","p154.jpg","4.8","Excellent build;Perfect for needs;Recommend"
"P155","Ergobaby Omni 360 Carrier","Safe sleep solution with breathable mesh design","Ergobaby","Baby Products","10400","p155.jpg","4.3","Good performance;Easy to use;Reliable"
"P156","Britax ClickTight Car Seat","Smart baby monitor with sleep tracking and analytics","Britax","Baby Products","24000","p156.jpg","4.6","Amazing quality;Worth the price;Fast shipping"
"P157","iRobot Roomba j7+","Robot vacuum with pet hair specialized brush and self-empty","iRobot","Pet Supplies","53000","p157.jpg","4.4","Excellent;Would buy again;Highly recommend"
"P158","iRobot Braava Jet m6","Robot vacuum with pet hair specialized brush and self-empty","iRobot","Pet Supplies","31000","p158.jpg","4.3","Impressed;Well designed;User friendly"
"P159","Apple AirTag","GPS tracker with real-time location updates","Apple","Pet Supplies","2900","p159.jpg","4.2","Better than expected;Great features;Love it"
"P160","Apple Airtag Collar","GPS tracker with real-time location updates","Apple","Pet Supplies","2400","p160.jpg","4.1","Solid product;Works well;Good quality"
"P161","Fitbit Pet Tracker","Smart pet feeder with app control and schedule feeding","Fitbit","Pet Supplies","5900","p161.jpg","3.9","Solid product;Works well;Good quality"
"P162","KONG Classic Dog Toy","Smart pet feeder with app control and schedule feeding","KONG","Pet Supplies","1200","p162.jpg","4.5","Better than expected;Great features;Love it"
"P163","KONG Rubber Toy","Smart pet feeder with app control and schedule feeding","KONG","Pet Supplies","900","p163.jpg","4.4","Excellent;Would buy again;Highly recommend"
"P164","Frisco Cat Tree","Smart pet feeder with app control and schedule feeding","Frisco","Pet Supplies","7500","p164.jpg","4.2","Impressed;Well designed;User friendly"
"P165","Frisco Dog Bed","Smart pet feeder with app control and schedule feeding","Frisco","Pet Supplies","4500","p165.jpg","4.3","Excellent;Would buy again;Highly recommend"
"P166","Garmin Dash Cam","4K dash cam with night vision and GPS tracking","Garmin","Automotive","19500","p166.jpg","4.5","Very useful;Easy setup;Works perfectly"
"P167","Garmin Garmin Drive","4K dash cam with night vision and GPS tracking","Garmin","Automotive","12500","p167.jpg","4.3","Works great;Nice design;Good battery"
"P168","Anker Roav Dash Cam","Wireless car charger with fast charging support","Anker","Automotive","6800","p168.jpg","4.1","Amazing quality;Worth the price;Fast shipping"
"P169","Anker Car Charger","Wireless car charger with fast charging support","Anker","Automotive","2500","p169.jpg","4.4","Very useful;Easy setup;Works perfectly"
"P170","Xiaomi 70mai Dash Cam","4K dash cam with night vision and GPS tracking","Xiaomi","Automotive","8200","p170.jpg","4.0","Impressed;Well designed;User friendly"
"P171","Thinkware U1000 Dash Cam","Portable jump starter with USB ports for emergencies","Thinkware","Automotive","15000","p171.jpg","4.2","Great product;Highly recommended;Good value"
"P172","Nextbase 622GW Dash Cam","Portable jump starter with USB ports for emergencies","Nextbase","Automotive","18500","p172.jpg","4.6","Excellent;Would buy again;Highly recommend"
"P173","Anker PowerCore Bank","High-speed portable SSD with rugged durability","Anker","Electronics Accessories","5500","p173.jpg","4.3","Works great;Nice design;Good battery"
"P174","Anker Cable Set","4K webcam with auto-focus and noise-canceling mic","Anker","Electronics Accessories","1500","p174.jpg","4.2","Solid product;Works well;Good quality"
"P175","Anker USB Hub","Multi-port hub for all your connectivity needs","Anker","Electronics Accessories","3500","p175.jpg","4.1","Very useful;Easy setup;Works perfectly"
"P176","SanDisk Extreme Pro SD","High-speed portable SSD with rugged durability","SanDisk","Electronics Accessories","4200","p176.jpg","4.6","Works great;Nice design;Good battery"
"P177","SanDisk Extreme SSD","4K webcam with auto-focus and noise-canceling mic","SanDisk","Electronics Accessories","8000","p177.jpg","4.5","Works great;Nice design;Good battery"
"P178","Samsung T7 Shield SSD","High-speed portable SSD with rugged durability","Samsung","Electronics Accessories","9500","p178.jpg","4.4","Works great;Nice design;Good battery"
"P179","Samsung USB Drive","4K webcam with auto-focus and noise-canceling mic","Samsung","Electronics Accessories","1200","p179.jpg","4.3","Excellent;Would buy again;Highly recommend"
"P180","Logitech Webcam C920","4K webcam with auto-focus and noise-canceling mic","Logitech","Electronics Accessories","6500","p180.jpg","4.7","Excellent build;Perfect for needs;Recommend"
"P181","Logitech USB Microphone","4K webcam with auto-focus and noise-canceling mic","Logitech","Electronics Accessories","4500","p181.jpg","4.4","Works great;Nice design;Good battery"
"P182","Elgato Stream Deck","Multi-port hub for all your connectivity needs","Elgato","Electronics Accessories","8500","p182.jpg","4.6","Amazing quality;Worth the price;Fast shipping"
"P183","Elgato HD60 Capture","4K webcam with auto-focus and noise-canceling mic","Elgato","Electronics Accessories","9500","p183.jpg","4.5","Excellent build;Perfect for needs;Recommend"
"P184","Herman Miller Aeron Chair","Ergonomic office chair with lumbar support and adjustable armrests","Herman Miller","Furniture","95000","p184.jpg","4.8","Excellent build;Perfect for needs;Recommend"
"P185","Herman Miller Embody Chair","Premium materials with sustainable design","Herman Miller","Furniture","115000","p185.jpg","4.7","Better than expected;Great features;Love it"
"P186","Steelcase Leap Chair","Sit-stand desk with programmable height settings","Steelcase","Furniture","65000","p186.jpg","4.5","Amazing quality;Worth the price;Fast shipping"
"P187","Steelcase Gesture Chair","Ergonomic office chair with lumbar support and adjustable armrests","Steelcase","Furniture","72000","p187.jpg","4.6","Amazing quality;Worth the price;Fast shipping"
"P188","IKEA BEKANT Desk","Sit-stand desk with programmable height settings","IKEA","Furniture","18000","p188.jpg","4.0","Better than expected;Great features;Love it"
"P189","IKEA MICKE Desk","Premium materials with sustainable design","IKEA","Furniture","8500","p189.jpg","4.1","Works great;Nice design;Good battery"
"P190","Fully Jarak Chair","Ergonomic office chair with lumbar support and adjustable armrests","Fully","Furniture","35000","p190.jpg","4.3","Impressed;Well designed;User friendly"
"P191","Fully Mason Chair","Ergonomic office chair with lumbar support and adjustable armrests","Fully","Furniture","28000","p191.jpg","4.2","Excellent build;Perfect for needs;Recommend"
"P192","Branch Chair","Sit-stand desk with programmable height settings","Branch","Furniture","42000","p192.jpg","4.4","Solid product;Works well;Good quality"
"P193","Branch Standing Desk","Premium materials with sustainable design","Branch","Furniture","45000","p193.jpg","4.3","Amazing quality;Worth the price;Fast shipping"
"P194","Nike Training Bag","Professional-grade training equipment for home workouts","Nike","Sports Equipment","3500","p194.jpg","4.5","Good performance;Easy to use;Reliable"
"P195","Nike Yoga Mat","Durable sports gear with advanced performance technology","Nike","Sports Equipment","2500","p195.jpg","4.4","Excellent;Would buy again;Highly recommend"
"P196","Nike Resistance Bands","Eco-friendly materials with sustainable manufacturing","Nike","Sports Equipment","1800","p196.jpg","4.3","Impressed;Well designed;User friendly"
"P197","Adidas Training Mat","Professional-grade training equipment for home workouts","Adidas","Sports Equipment","2200","p197.jpg","4.5","Very useful;Easy setup;Works perfectly"
"P198","Adidas Soccer Ball","Durable sports gear with advanced performance technology","Adidas","Sports Equipment","1500","p198.jpg","4.4","Good performance;Easy to use;Reliable"
"P199","Adidas Basketball","Professional-grade training equipment for home workouts","Adidas","Sports Equipment","3800","p199.jpg","4.3","Very useful;Easy setup;Works perfectly"
"P200","Under Armour Backpack","Eco-friendly materials with sustainable manufacturing","Under Armour","Sports Equipment","5100","p200.jpg","4.7","Amazing quality;Worth the price;Fast shipping"
"P201","Under Armour Training Gear","Eco-friendly materials with sustainable manufacturing","Under Armour","Sports Equipment","6000","p201.jpg","4.6","Amazing quality;Worth the price;Fast shipping"
"P202","Yonex Tennis Racket","Durable sports gear with advanced performance technology","Yonex","Sports Equipment","12400","p202.jpg","4.1","Excellent;Would buy again;Highly recommend"
"P203","Yonex Badminton Racket","Durable sports gear with advanced performance technology","Yonex","Sports Equipment","1800","p203.jpg","4.0","Good performance;Easy to use;Reliable"
"P204","Wilson Tennis Racket","Durable sports gear with advanced performance technology","Wilson","Sports Equipment","4300","p204.jpg","3.8","Solid product;Works well;Good quality"
"P205","Wilson Basketball","Professional-grade training equipment for home workouts","Wilson","Sports Equipment","14300","p205.jpg","4.1","Amazing quality;Worth the price;Fast shipping"
"P206","Kindle Paperwhite","E-reader with warm light and waterproof design","Kindle","Books & Media","7200","p206.jpg","3.9","Impressed;Well designed;User friendly"
"P207","Kindle Scribe","Premium streaming with offline downloads and ad-free experience","Kindle","Books & Media","23000","p207.jpg","3.9","Excellent;Would buy again;Highly recommend"
"P208","Kindle Basic","Premium streaming with offline downloads and ad-free experience","Kindle","Books & Media","11200","p208.jpg","4.0","Great product;Highly recommended;Good value"
"P209","Audible Subscription","E-reader with warm light and waterproof design","Audible","Books & Media","35500","p209.jpg","4.6","Better than expected;Great features;Love it"
"P210","Audible Audiobooks","E-reader with warm light and waterproof design","Audible","Books & Media","33100","p210.jpg","4.6","Impressed;Well designed;User friendly"
"P211","Spotify Premium Subscription","E-reader with warm light and waterproof design","Spotify","Books & Media","16800","p211.jpg","4.2","Great product;Highly recommended;Good value"
"P212","Apple Apple TV+","E-reader with warm light and waterproof design","Apple","Books & Media","22700","p212.jpg","4.5","Excellent build;Perfect for needs;Recommend"
"P213","Apple Apple Music","Unlimited access to millions of books and audiobooks","Apple","Books & Media","41400","p213.jpg","4.6","Good performance;Easy to use;Reliable"
"P214","Sony PlayStation Plus","Premium streaming with offline downloads and ad-free experience","Sony","Books & Media","42300","p214.jpg","4.2","Impressed;Well designed;User friendly"
"P215","Sony Xbox Game Pass","Premium streaming with offline downloads and ad-free experience","Sony","Books & Media","18800","p215.jpg","4.0","Solid product;Works well;Good quality"
"P216","Apple Magic Keyboard","Ergonomic mouse with customizable buttons and smooth tracking","Apple","Office Supplies","15100","p216.jpg","4.5","Works great;Nice design;Good battery"
"P217","Apple Magic Mouse","Wireless keyboard with backlit keys and multi-device support","Apple","Office Supplies","6700","p217.jpg","4.2","Impressed;Well designed;User friendly"
"P218","Apple Magic Trackpad","Ergonomic mouse with customizable buttons and smooth tracking","Apple","Office Supplies","7500","p218.jpg","4.6","Amazing quality;Worth the price;Fast shipping"
"P219","Logitech MX Keys","Ergonomic mouse with customizable buttons and smooth tracking","Logitech","Office Supplies","17300","p219.jpg","4.9","Impressed;Well designed;User friendly"
"P220","Logitech MX Master Mouse","Ergonomic mouse with customizable buttons and smooth tracking","Logitech","Office Supplies","15600","p220.jpg","4.1","Amazing quality;Worth the price;Fast shipping"
"P221","Microsoft Surface Pen","Ergonomic mouse with customizable buttons and smooth tracking","Microsoft","Office Supplies","13200","p221.jpg","3.9","Very useful;Easy setup;Works perfectly"
"P222","Microsoft Surface Dock","Ergonomic mouse with customizable buttons and smooth tracking","Microsoft","Office Supplies","14500","p222.jpg","4.6","Works great;Nice design;Good battery"
"P223","Samsung Dex Cable","Ergonomic mouse with customizable buttons and smooth tracking","Samsung","Office Supplies","15200","p223.jpg","4.0","Excellent;Would buy again;Highly recommend"
"P224","Samsung Multiport Adapter","Ergonomic mouse with customizable buttons and smooth tracking","Samsung","Office Supplies","4700","p224.jpg","4.0","Amazing quality;Worth the price;Fast shipping"
"P225","Anker PowerExpand Hub","Ergonomic mouse with customizable buttons and smooth tracking","Anker","Office Supplies","11500","p225.jpg","3.8","Great product;Highly recommended;Good value"
"P226","Anker USB-C Hub","Premium productivity tools for professional workflows","Anker","Office Supplies","17400","p226.jpg","4.4","Better than expected;Great features;Love it"
"P227","Logitech C920s HD Pro","4K webcam with auto-focus and noise-canceling mic","Logitech","Electronics Accessories","5500","p227.jpg","4.4","Amazing quality;Worth the price;Fast shipping"
"P228","Blue Yeti Nano","Professional USB microphone for streaming and podcasts","Blue","Electronics Accessories","8500","p228.jpg","4.5","Very useful;Easy setup;Works perfectly"
"P229","Rode NT-USB Mini","Studio-quality USB condenser microphone","Rode","Electronics Accessories","6500","p229.jpg","4.6","Excellent build;Perfect for needs;Recommend"
"P230","Shure MV7 Podcast Mic","Hybrid USB/XLR microphone for podcasting","Shure","Electronics Accessories","14500","p230.jpg","4.7","Excellent;Would buy again;Highly recommend"
"P231","Elgato Key Light Air","Professional LED panel with app control","Elgato","Electronics Accessories","9500","p231.jpg","4.4","Better than expected;Great features;Love it"
"P232","Razer Ring Light","Circular light with adjustable color temperature","Razer","Electronics Accessories","4500","p232.jpg","4.2","Great product;Highly recommended;Good value"
"P233","Loupedeck CT","Customizable control surface for creative workflows","Loupedeck","Electronics Accessories","25000","p233.jpg","4.5","Better than expected;Great features;Love it"
"P234","XPPen Artist 12 Pro","Full HD drawing tablet with stylus","XPPen","Electronics Accessories","12500","p234.jpg","4.3","Solid product;Works well;Good quality"
"P235","Wacom Intuos Pro Medium","Professional graphics tablet with pen","Wacom","Electronics Accessories","28000","p235.jpg","4.7","Amazing quality;Worth the price;Fast shipping"
"P236","Huion Kamvas 13","13-inch drawing tablet with full HD display","Huion","Electronics Accessories","15000","p236.jpg","4.4","Better than expected;Great features;Love it"
"P237","Anker 737 Power Bank","24000mAh with 140W fast charging","Anker","Electronics Accessories","9500","p237.jpg","4.6","Very useful;Easy setup;Works perfectly"
"P238","Anker 60W Charger","GaNPrime fast charger with multiple ports","Anker","Electronics Accessories","3500","p238.jpg","4.5","Very useful;Easy setup;Works perfectly"
"P239","Belkin USB-C Hub","7-in-1 adapter with 4K HDMI output","Belkin","Electronics Accessories","4500","p239.jpg","4.3","Works great;Nice design;Good battery"
"P240","CalDigit TS4 Dock","Thunderbolt 4 dock with 18 ports","CalDigit","Electronics Accessories","35000","p240.jpg","4.8","Amazing quality;Worth the price;Fast shipping"
"P241","Samsung 980 PRO 1TB","PCIe 4.0 NVMe SSD up to 7000MB/s","Samsung","Electronics Accessories","12000","p241.jpg","4.7","Impressed;Well designed;User friendly"
"P242","WD Black SN850X","High-performance gaming NVMe SSD","WD","Electronics Accessories","9500","p242.jpg","4.6","Works great;Nice design;Good battery"
"P243","Seagate FireCuda 530","Ultra-fast PCIe 4.0 gaming SSD","Seagate","Electronics Accessories","11000","p243.jpg","4.5","Good performance;Easy to use;Reliable"
"P244","Crucial P5 Plus","Gen4 NVMe SSD with encryption","Crucial","Electronics Accessories","7500","p244.jpg","4.4","Excellent;Would buy again;Highly recommend"
"P245","Kingston A400 SSD","2.5-inch SATA SSD for upgrades","Kingston","Electronics Accessories","2500","p245.jpg","4.2","Works great;Nice design;Good battery"
"P246","Sabrent Rocket 4","High-speed PCIe 4.0 NVMe SSD","Sabrent","Electronics Accessories","13000","p246.jpg","4.5","Great product;Highly recommended;Good value"
"P247","Corsair K100 RGB","Mechanical keyboard with RGB and OLED display","Corsair","Gaming Accessories","14500","p247.jpg","4.6","Amazing quality;Worth the price;Fast shipping"
"P248","Corsair Scimitar RGB","MMO gaming mouse with 17 buttons","Corsair","Gaming Accessories","8500","p248.jpg","4.3","Works great;Nice design;Good battery"
"P249","Logitech G Pro X 2","Wireless gaming headset with Blue VO!CE","Logitech","Gaming Accessories","15000","p249.jpg","4.7","Solid product;Works well;Good quality"
"P250","Razer Viper V3 Pro","Ultra-lightweight wireless esports mouse","Razer","Gaming Accessories","11000","p250.jpg","4.6","Impressed;Well designed;User friendly"
"P251","SteelSeries Arctis Nova Pro","Premium gaming headset with base station","SteelSeries","Gaming Accessories","22000","p251.jpg","4.8","Good performance;Easy to use;Reliable"
"P252","HyperX Cloud III","Comfortable gaming headset with 7.1 surround","HyperX","Gaming Accessories","6500","p252.jpg","4.5","Excellent;Would buy again;Highly recommend"
"P253","ASUS ROG Keris Wireless","Lightweight wireless gaming mouse","ASUS","Gaming Accessories","6500","p253.jpg","4.4","Good performance;Easy to use;Reliable"
"P254","MSI Clutch GM31","Lightweight wireless gaming mouse","MSI","Gaming Accessories","5500","p254.jpg","4.3","Great product;Highly recommended;Good value"
"P255","Alienware AW920H","Tri-mode wireless gaming headset","Alienware","Gaming Accessories","12500","p255.jpg","4.5","Works great;Nice design;Good battery"
"P256","Nacon Revolution 5","Pro controller for Xbox and PC","Nacon","Gaming Accessories","5500","p256.jpg","4.2","Amazing quality;Worth the price;Fast shipping"
"P257","DualSense Edge","Pro controller for PlayStation 5","Sony","Gaming Accessories","12500","p257.jpg","4.6","Solid product;Works well;Good quality"
"P258","Nintendo Switch Pro Controller","Pro controller for Nintendo Switch","Nintendo","Gaming Accessories","4500","p258.jpg","4.4","Amazing quality;Worth the price;Fast shipping"
"P259","8BitDo Pro 2","Retro-styled controller for multiple platforms","8BitDo","Gaming Accessories","2500","p259.jpg","4.3","Works great;Nice design;Good battery"
"P260","Razer Kunai","High-performance PC case with ARGB","Razer","Gaming Accessories","8500","p260.jpg","4.4","Good performance;Easy to use;Reliable"
"P261","NZXT H9 Flow","Premium PC case with mesh front","NZXT","Gaming Accessories","10500","p261.jpg","4.5","Good performance;Easy to use;Reliable"
"P262","Corsair 4000D Airflow","Mid-tower case with high airflow","Corsair","Gaming Accessories","7500","p262.jpg","4.3","Better than expected;Great features;Love it"
"P263","Lian Li O11 Dynamic","Dual-chamber PC case for custom builds","Lian Li","Gaming Accessories","9500","p263.jpg","4.6","Excellent build;Perfect for needs;Recommend"
"P264","be quiet! Dark Base Pro 900","Premium silent PC case","be quiet!","Gaming Accessories","14500","p264.jpg","4.7","Amazing quality;Worth the price;Fast shipping"
"P265","Phanteks Eclipse P400A","Budget-friendly case with RGB","Phanteks","Gaming Accessories","5500","p265.jpg","4.2","Good performance;Easy to use;Reliable"
"P266","Cooler Master H500M","High-airflow mesh case with ARGB","Cooler Master","Gaming Accessories","9500","p266.jpg","4.4","Impressed;Well designed;User friendly"
"P267","Noctua NH-D15","Premium CPU cooler with dual fans","Noctua","Gaming Accessories","10500","p267.jpg","4.8","Better than expected;Great features;Love it"
"P268","Corsair iCUE H150i","AIO liquid cooler with RGB","Corsair","Gaming Accessories","14000","p268.jpg","4.6","Better than expected;Great features;Love it"
"P269","NZXT Kraken X63","AIO liquid cooler with LCD display","NZXT","Gaming Accessories","11500","p269.jpg","4.5","Impressed;Well designed;User friendly"
"P270","be quiet! Silent Loop 2","Silent AIO liquid cooler","be quiet!","Gaming Accessories","9500","p270.jpg","4.4","Amazing quality;Worth the price;Fast shipping"
"P271","DeepCool AK400","Budget tower air cooler","DeepCool","Gaming Accessories","2500","p271.jpg","4.1","Impressed;Well designed;User friendly"
"P272","Scythe Fuma 2","High-performance tower cooler","Scythe","Gaming Accessories","4500","p272.jpg","4.3","Good performance;Easy to use;Reliable"
"P273","Thermalright Macho","Premium air cooler with big tower","Thermalright","Gaming Accessories","5500","p273.jpg","4.4","Good performance;Easy to use;Reliable"
"P274","Corsair RM850x","80+ Gold fully modular PSU","Corsair","Gaming Accessories","8500","p274.jpg","4.6","Works great;Nice design;Good battery"
"P275","EVGA SuperNOVA 850","High-efficiency modular power supply","EVGA","Gaming Accessories","7500","p275.jpg","4.5","Better than expected;Great features;Love it"
"P276","Seasonic Focus GX-750","Compact fully modular 80+ Gold PSU","Seasonic","Gaming Accessories","6500","p276.jpg","4.4","Very useful;Easy setup;Works perfectly"
"P277","Thermaltake 850W","Smart RGB modular power supply","Thermaltake","Gaming Accessories","5500","p277.jpg","4.2","Great product;Highly recommended;Good value"
"P278","be quiet! Straight Power 11","Silent high-efficiency PSU","be quiet!","Gaming Accessories","9500","p278.jpg","4.7","Solid product;Works well;Good quality"
"P279","Corsair CX650M","Semi-modular budget-friendly PSU","Corsair","Gaming Accessories","3500","p279.jpg","4.0","Very useful;Easy setup;Works perfectly"
"P280","MSI MPG A750GF","750W 80+ Gold modular PSU","MSI","Gaming Accessories","5500","p280.jpg","4.3","Excellent;Would buy again;Highly recommend"
